symbol,timestamp,open,high,low,close
BTCUSDT,2025-02-26,88722.29,88802.28,88161.01,88330.08
BTCUSDT,2025-02-26,88900.28,89241.8,88407.47,88722.29
BTCUSDT,2025-02-26,88682.34,89411.5,88155.28,88900.28
BTCUSDT,2025-02-25,87941.9,89456.23,87623.57,88682.34
BTCUSDT,2025-02-25,87232.08,88063.51,86168.05,87941.9
BTCUSDT,2025-02-25,89239.52,89540.26,86055.35,87232.08
BTCUSDT,2025-02-25,89309.93,89978.88,86880.96,89239.52
BTCUSDT,2025-02-25,92155.27,92323,88195.66,89309.93
BTCUSDT,2025-02-25,91543.26,92534.62,90914.34,92155.27
BTCUSDT,2025-02-24,93946.79,94571.72,91340.06,91543.26
BTCUSDT,2025-02-24,94330.16,95189.96,93674.15,93946.79
BTCUSDT,2025-02-24,95822.35,96094.34,93828.42,94330.16
BTCUSDT,2025-02-24,95867.97,96166.03,95361.1,95822.35
BTCUSDT,2025-02-24,95432.79,95946.27,95079.73,95867.97
BTCUSDT,2025-02-24,96259.72,96499.66,95309.97,95432.79
BTCUSDT,2025-02-23,95756.45,96330.25,95535.23,96259.72
BTCUSDT,2025-02-23,95441.49,95875.15,95243.93,95756.45
BTCUSDT,2025-02-23,96114.11,96158.35,95417.3,95441.49
BTCUSDT,2025-02-23,96505.42,96505.44,96083.53,96114.11
BTCUSDT,2025-02-23,96414.51,96549.73,96142.78,96505.42
BTCUSDT,2025-02-23,96545.83,96638.45,96361.48,96414.51
BTCUSDT,2025-02-22,96630,96690.52,96479.7,96545.83
BTCUSDT,2025-02-22,96587.53,96804.83,96345.25,96630
BTCUSDT,2025-02-22,96565.07,96971.63,96486.67,96587.53
BTCUSDT,2025-02-22,96259.35,96593.75,96118.72,96565.07
BTCUSDT,2025-02-22,96249.93,96549.08,96225.41,96259.35
BTCUSDT,2025-02-22,96113.89,96434.39,95737.52,96249.93
BTCUSDT,2025-02-21,95220.72,96133.39,94784.67,96113.89
BTCUSDT,2025-02-21,98075.59,98727.09,95185.07,95220.72
BTCUSDT,2025-02-21,98632.1,99485.21,97160.12,98075.59
BTCUSDT,2025-02-21,98179.81,98910.52,98116.14,98632.1
BTCUSDT,2025-02-21,98150.7,98604.75,98123.73,98179.81
BTCUSDT,2025-02-21,98304.94,98504.9,98083.95,98150.7
BTCUSDT,2025-02-20,98418.86,98716.68,98003.89,98304.94
BTCUSDT,2025-02-20,96906.9,98521.18,96881.09,98418.86
BTCUSDT,2025-02-20,97209.92,98042.28,96808.72,96906.9
BTCUSDT,2025-02-20,96870.41,97387.67,96804.44,97209.92
BTCUSDT,2025-02-20,97063.33,97348.6,96786.36,96870.41
BTCUSDT,2025-02-20,96646.13,97372.82,96420.4,97063.33
BTCUSDT,2025-02-19,96208.49,96893.12,96056.47,96646.13
BTCUSDT,2025-02-19,95944.95,96488.77,95417.88,96208.49
BTCUSDT,2025-02-19,96429.53,96705.15,95536.42,95944.95
BTCUSDT,2025-02-19,95688.32,96468.96,95629.72,96429.53
BTCUSDT,2025-02-19,95712.25,95848.48,95042.79,95688.32
BTCUSDT,2025-02-19,95665.99,95962.76,95056.13,95712.25
BTCUSDT,2025-02-18,94105.24,95677.54,93738.33,95665.99
BTCUSDT,2025-02-18,95549.16,95638.19,93387.95,94105.24
BTCUSDT,2025-02-18,95637.98,96748.33,95206.88,95549.16
BTCUSDT,2025-02-18,95455.85,95878.29,95094.57,95637.98
BTCUSDT,2025-02-18,96199.33,96298.46,95246.34,95455.85
BTCUSDT,2025-02-18,95781.58,96320.94,95551.84,96199.33
BTCUSDT,2025-02-17,95535.65,96419.83,95496.1,95781.58
BTCUSDT,2025-02-17,95661.47,95947.13,95203.74,95535.65
BTCUSDT,2025-02-17,96071.02,97039.67,95565.83,95661.47
BTCUSDT,2025-02-17,96064.43,96404.61,95933.06,96071.02
BTCUSDT,2025-02-17,96211.67,96465.48,95798.51,96064.43
BTCUSDT,2025-02-17,96110.19,96635.08,96026.57,96211.67
BTCUSDT,2025-02-16,97055.01,97279.46,96044.82,96110.19
BTCUSDT,2025-02-16,96907.36,97169.93,96638.72,97055.01
BTCUSDT,2025-02-16,97338.46,97339.88,96677,96907.36
BTCUSDT,2025-02-16,97251.85,97393.33,97056.79,97338.46
BTCUSDT,2025-02-16,97550.54,97683.22,97209.33,97251.85
BTCUSDT,2025-02-16,97576.52,97709.8,97417.99,97550.54
BTCUSDT,2025-02-15,97535.9,97744.61,97409.87,97576.52
BTCUSDT,2025-02-15,97636.9,97717.53,97319.36,97535.9
BTCUSDT,2025-02-15,97621.97,97949.89,97429.9,97636.9
BTCUSDT,2025-02-15,97344.41,97731.89,97302.86,97621.97
BTCUSDT,2025-02-15,97659.65,97787.72,97344.41,97344.41
BTCUSDT,2025-02-15,97503.45,97969.92,97223.34,97659.65
BTCUSDT,2025-02-14,97947.7,98266.76,96698.55,97503.45
BTCUSDT,2025-02-14,96932.52,98834.05,96492.81,97947.7
BTCUSDT,2025-02-14,96886.95,97576.18,96275.47,96932.52
BTCUSDT,2025-02-14,96944.18,97199.04,96800.75,96886.95
BTCUSDT,2025-02-14,97141.52,97245.95,96567.62,96944.18
BTCUSDT,2025-02-14,96609.56,97196.32,96375.22,97141.52
BTCUSDT,2025-02-13,95631.63,96773.5,95598.93,96609.56
BTCUSDT,2025-02-13,95995.28,96370.33,95221.6,95631.63
BTCUSDT,2025-02-13,95927.94,96479.64,95340.25,95995.28
BTCUSDT,2025-02-13,96072.57,96339.81,95596.39,95927.94
BTCUSDT,2025-02-13,97503.66,97563.82,95809.1,96072.57
BTCUSDT,2025-02-13,97869.03,98085.89,97370.37,97503.66
BTCUSDT,2025-02-12,97204.04,98115.44,96848.84,97869.03
BTCUSDT,2025-02-12,95803.16,97702.76,95121.19,97204.04
BTCUSDT,2025-02-12,96096.5,96622.75,94081.8,95803.16
BTCUSDT,2025-02-12,96073.25,96470.06,95908.93,96096.5
BTCUSDT,2025-02-12,95301.43,96183.42,95267.2,96073.25
BTCUSDT,2025-02-12,95782.03,96268.18,95105.52,95301.43
BTCUSDT,2025-02-11,95042.24,96511.18,94930.62,95782.03
BTCUSDT,2025-02-11,97018.78,97049.04,94873.71,95042.24
BTCUSDT,2025-02-11,98146.1,98157.65,96596.6,97018.78
BTCUSDT,2025-02-11,98270.88,98338.79,97884.18,98146.1
BTCUSDT,2025-02-11,97616.35,98485.34,97563.29,98270.88
BTCUSDT,2025-02-11,97433.17,98144.58,97420.59,97616.35
BTCUSDT,2025-02-10,97383.56,97497.74,97133.61,97433.17
BTCUSDT,2025-02-10,97225.53,97656.42,96871.58,97383.56
BTCUSDT,2025-02-10,97665.63,98354.1,96867.11,97225.53
BTCUSDT,2025-02-10,97429.99,97962.23,97357.81,97665.63
BTCUSDT,2025-02-10,96810.35,97646.47,96629.31,97429.99
BTCUSDT,2025-02-10,96464.51,97133.47,95255.68,96810.35
BTCUSDT,2025-02-09,96063.31,96753.92,94714.23,96464.51
BTCUSDT,2025-02-09,96488.41,96573.86,95895.29,96063.31
BTCUSDT,2025-02-09,96556.21,96706.84,95711.78,96488.41
BTCUSDT,2025-02-09,97063.1,97295.43,96540.14,96556.21
BTCUSDT,2025-02-09,97307.79,97323.37,96777.49,97063.1
BTCUSDT,2025-02-09,96449.27,97309.11,96364.36,97307.79
BTCUSDT,2025-02-08,96587.78,96710.77,96357.99,96449.27
BTCUSDT,2025-02-08,95845.52,96751.1,95747.03,96587.78
BTCUSDT,2025-02-08,96124.5,96502.14,95689.08,95845.52
BTCUSDT,2025-02-08,96205.98,96293.92,95866.43,96124.5
BTCUSDT,2025-02-08,96696.66,96696.67,95784.76,96205.98
BTCUSDT,2025-02-08,96502.31,96881.68,96336.96,96696.66
BTCUSDT,2025-02-07,96901.25,96942.71,95621.48,96502.31
BTCUSDT,2025-02-07,98291.19,98573.43,96878.57,96901.25
BTCUSDT,2025-02-07,97756.62,100140.06,97188.77,98291.19
BTCUSDT,2025-02-07,96746.08,97760.18,96612.34,97756.62
BTCUSDT,2025-02-07,97451.68,97868.32,96575.53,96746.08
BTCUSDT,2025-02-07,96553.22,97805.04,96406.47,97451.68
BTCUSDT,2025-02-06,95988.66,97082.11,95802.21,96553.22
BTCUSDT,2025-02-06,97335.21,97543.93,95680.32,95988.66
BTCUSDT,2025-02-06,98873.87,99043.9,96931.57,97335.21
BTCUSDT,2025-02-06,98201.58,99129.43,97922.27,98873.87
BTCUSDT,2025-02-06,97353.74,98436.14,97278.61,98201.58
BTCUSDT,2025-02-06,96610.83,97499.69,96434.93,97353.74
BTCUSDT,2025-02-05,97372.49,97711.45,96156.71,96610.83
BTCUSDT,2025-02-05,98114.66,98286.11,96495.95,97372.49
BTCUSDT,2025-02-05,98211.85,99154.98,97763.43,98114.66
BTCUSDT,2025-02-05,97866.33,98230.47,97272.39,98211.85
BTCUSDT,2025-02-05,98047.81,98342.25,97365.26,97866.33
BTCUSDT,2025-02-05,97764.43,98936.79,97143.31,98047.81
BTCUSDT,2025-02-04,98865.72,99439.22,96144.67,97764.43
BTCUSDT,2025-02-04,99355.18,100788.27,98782.63,98865.72
BTCUSDT,2025-02-04,98974.4,100405.45,98285.96,99355.18
BTCUSDT,2025-02-04,98448.25,99435.27,97861.99,98974.4
BTCUSDT,2025-02-04,100629.8,100768.65,98248.15,98448.25
BTCUSDT,2025-02-04,101331.07,101710.58,100557.14,100629.8
BTCUSDT,2025-02-03,101880.03,102481.28,100921.93,101331.07
BTCUSDT,2025-02-03,98844.11,101880.03,98036.4,101880.03
BTCUSDT,2025-02-03,95103.79,99496.53,94144.67,98844.11
BTCUSDT,2025-02-03,95318.49,95940.06,94796.75,95103.79
BTCUSDT,2025-02-03,94037.9,95412.09,92646.43,95318.49
BTCUSDT,2025-02-03,97696.4,97776.26,91205.58,94037.9
BTCUSDT,2025-02-02,98266.23,98625.07,96151.43,97696.4
BTCUSDT,2025-02-02,99345.66,99364.45,96825.48,98266.23
BTCUSDT,2025-02-02,98867.71,99433.28,98160.31,99345.66
BTCUSDT,2025-02-02,99633.66,100104.18,98636.32,98867.71
BTCUSDT,2025-02-02,99204.08,100503.15,99029.04,99633.66
BTCUSDT,2025-02-02,100635.03,101459.42,99158.17,99204.08
BTCUSDT,2025-02-01,101661.67,101661.68,100275.82,100635.03
BTCUSDT,2025-02-01,102071.64,102281.87,101447.13,101661.67
BTCUSDT,2025-02-01,102027.31,102322.8,101728.04,102071.64
BTCUSDT,2025-02-01,102165.53,102272.01,101408.79,102027.31
BTCUSDT,2025-02-01,102241.48,102579.41,102123.1,102165.53
BTCUSDT,2025-02-01,102430.9,102783.45,102185.1,102241.48
BTCUSDT,2025-01-31,102307.29,102481.64,101554.3,102430.9
BTCUSDT,2025-01-31,105456.57,105571.46,102120.5,102307.29
BTCUSDT,2025-01-31,104733.75,106015.64,104106.67,105456.57
BTCUSDT,2025-01-31,104194.22,104845.81,103926.63,104733.75
BTCUSDT,2025-01-31,104334.3,104805.44,103967.42,104194.22
BTCUSDT,2025-01-31,104726.76,105026.96,103930.94,104334.3
BTCUSDT,2025-01-30,105714.55,105821.99,104693.55,104726.76
BTCUSDT,2025-01-30,105569.64,106011.14,104760.34,105714.55
BTCUSDT,2025-01-30,105310.19,106445.12,104665.37,105569.64
BTCUSDT,2025-01-30,105137.82,105545.96,104937.38,105310.19
BTCUSDT,2025-01-30,105202.22,105607.02,104814.52,105137.82
BTCUSDT,2025-01-30,103737.53,105309.39,103295.62,105202.22
BTCUSDT,2025-01-29,103583.89,104787.21,102866.47,103737.53
BTCUSDT,2025-01-29,101981.61,103991.13,101411.31,103583.89
BTCUSDT,2025-01-29,102638.69,102830.09,101584.86,101981.61
BTCUSDT,2025-01-29,102757.66,103004.93,102190.5,102638.69
BTCUSDT,2025-01-29,102035.68,102851.81,101959.17,102757.66
BTCUSDT,2025-01-29,101334.2,102313.83,101324.65,102035.68
BTCUSDT,2025-01-28,102426,102537.28,100269.86,101334.2
BTCUSDT,2025-01-28,102779.97,103108.07,101816.89,102426
BTCUSDT,2025-01-28,102759.2,103796.95,101816.77,102779.97
BTCUSDT,2025-01-28,102789.64,103183.34,102392.86,102759.2
BTCUSDT,2025-01-28,102634.47,103364.48,102527.15,102789.64
BTCUSDT,2025-01-28,102077.8,102893.31,101335.06,102634.47
BTCUSDT,2025-01-27,99697.35,102416.57,99606.19,102077.8
BTCUSDT,2025-01-27,101111.48,101247.06,98858.34,99697.35
BTCUSDT,2025-01-27,98759.94,102308.74,98714.66,101111.48
BTCUSDT,2025-01-27,99042.51,99531.14,98277.62,98759.94
BTCUSDT,2025-01-27,101391.89,101398.02,97767.27,99042.51
BTCUSDT,2025-01-27,102614.84,103261.59,100719.51,101391.89
BTCUSDT,2025-01-26,105083.06,105201.15,102511.73,102614.84
BTCUSDT,2025-01-26,104970.26,105264.03,104900.45,105083.06
BTCUSDT,2025-01-26,104822.11,105091.05,104705.75,104970.26
BTCUSDT,2025-01-26,104999.53,105220.66,104445.17,104822.11
BTCUSDT,2025-01-26,105057.96,105497.34,104945.86,104999.53
BTCUSDT,2025-01-26,104749.49,105239.34,104517.55,105057.96
BTCUSDT,2025-01-25,105054,105253.36,104696.56,104749.49
BTCUSDT,2025-01-25,104898.18,105289.66,104453.15,105054
BTCUSDT,2025-01-25,104666.91,105103.57,104454.62,104898.18
BTCUSDT,2025-01-25,104390.41,104691.51,104105.66,104666.91
BTCUSDT,2025-01-25,105197.74,105197.83,104217.38,104390.41
BTCUSDT,2025-01-25,104859.39,105271.54,104355.09,105197.74
BTCUSDT,2025-01-24,105771.27,105777.83,104451.19,104859.39
BTCUSDT,2025-01-24,105859.45,107126.9,105585.65,105771.27
BTCUSDT,2025-01-24,105417.84,106318.11,104673.58,105859.45
BTCUSDT,2025-01-24,105046.96,105761.76,104920.69,105417.84
BTCUSDT,2025-01-24,103891.19,105349.9,103801.54,105046.96
BTCUSDT,2025-01-24,103909.43,104292.93,102750.6,103891.19
BTCUSDT,2025-01-23,103778.83,106423.55,102220.49,103909.43
BTCUSDT,2025-01-23,105255.48,106850.31,103395.84,103778.83
BTCUSDT,2025-01-23,101944.17,106050.56,101321.99,105255.48
BTCUSDT,2025-01-23,102709.64,102715.48,101258.9,101944.17
BTCUSDT,2025-01-23,102458.79,102969.42,101592.9,102709.64
BTCUSDT,2025-01-23,103706.56,103817.57,102112.71,102458.79
BTCUSDT,2025-01-22,104636.13,104829.97,103627.17,103706.56
BTCUSDT,2025-01-22,104184.84,104757.99,103342.55,104636.13
BTCUSDT,2025-01-22,105109.79,105586.93,103656.28,104184.84
BTCUSDT,2025-01-22,105082.05,105461.06,104645.59,105109.79
BTCUSDT,2025-01-22,105606.64,105950.72,105050.83,105082.05
BTCUSDT,2025-01-22,106147.8,106393.39,105453.99,105606.64
BTCUSDT,2025-01-21,107024.56,107198.33,105431.98,106147.8
BTCUSDT,2025-01-21,103947.45,107242.56,103818.23,107024.56
BTCUSDT,2025-01-21,103757.06,105315.48,102806.63,103947.45
BTCUSDT,2025-01-21,101996.57,103975.15,101742.3,103757.06
BTCUSDT,2025-01-21,102934.38,102971.61,101110.76,101996.57
BTCUSDT,2025-01-21,102265.48,103258.69,100138.73,102934.38
BTCUSDT,2025-01-20,103688.85,104326.58,101734.21,102265.48
BTCUSDT,2025-01-20,104956.12,107044.39,100560.95,103688.85
BTCUSDT,2025-01-20,108241.02,108702.35,104517.32,104956.12
BTCUSDT,2025-01-20,107137.48,109189.69,107111.63,108241.02
BTCUSDT,2025-01-20,101899.57,109706.09,101543.92,107137.48
BTCUSDT,2025-01-20,101332.27,102325.18,99551.55,101899.57
BTCUSDT,2025-01-19,106207.6,106435.48,99653.48,101332.27
BTCUSDT,2025-01-19,104938.17,106215.77,104517.98,106207.6
BTCUSDT,2025-01-19,104366.48,105708.97,104310.31,104938.17
BTCUSDT,2025-01-19,105167.71,105453.52,103466.34,104366.48
BTCUSDT,2025-01-19,104982.77,105631.12,104254.81,105167.71
BTCUSDT,2025-01-19,104552.97,105447.46,104011.38,104982.77
BTCUSDT,2025-01-18,104385.99,104728.47,103770.78,104552.97
BTCUSDT,2025-01-18,104568.01,104719.23,103148.8,104385.99
BTCUSDT,2025-01-18,103585.46,104987.37,103132.13,104568.01
BTCUSDT,2025-01-18,102822.71,103876.46,102284.53,103585.46
BTCUSDT,2025-01-18,103560.81,103762.18,102607.64,102822.71
BTCUSDT,2025-01-18,104080.21,104655.62,103040.05,103560.81
BTCUSDT,2025-01-17,105831.45,105842.85,104071.22,104080.21
BTCUSDT,2025-01-17,104002.39,105840.26,103838.53,105831.45
BTCUSDT,2025-01-17,102235.08,104246.71,102194.67,104002.39
BTCUSDT,2025-01-17,101435.13,102584.28,101435.13,102235.08
BTCUSDT,2025-01-17,101048.77,101884.68,100946.83,101435.13
BTCUSDT,2025-01-17,99986.18,102146.87,99948.72,101048.77
BTCUSDT,2025-01-16,100414.71,100640.45,99384.58,99986.18
BTCUSDT,2025-01-16,99292.59,100441.96,99078.91,100414.71
BTCUSDT,2025-01-16,99160.9,99518.49,97339.54,99292.59
BTCUSDT,2025-01-16,99807.5,99825.97,98628.32,99160.9
BTCUSDT,2025-01-16,99477.95,99912.32,99325.6,99807.5
BTCUSDT,2025-01-16,100501.99,100870.57,99177.01,99477.95
BTCUSDT,2025-01-15,99848.87,100682.23,99457.18,100501.99
BTCUSDT,2025-01-15,98993.27,99967.53,98607.18,99848.87
BTCUSDT,2025-01-15,96760.01,99792.73,96538.87,98993.27
BTCUSDT,2025-01-15,97302.17,97534.55,96523.09,96760.01
BTCUSDT,2025-01-15,97320.01,97719.28,96756.08,97302.17
BTCUSDT,2025-01-15,96563.1,97554.83,96502.43,97320.01
BTCUSDT,2025-01-14,96545.41,96927.85,96152.46,96563.1
BTCUSDT,2025-01-14,96468.29,97094.48,95353.23,96545.41
BTCUSDT,2025-01-14,96551.48,97269.31,95760.08,96468.29
BTCUSDT,2025-01-14,94872.01,97375.84,94870.52,96551.48
BTCUSDT,2025-01-14,94870.92,95475.41,94759.55,94872.01
BTCUSDT,2025-01-14,94538.72,95289.6,94357.94,94870.92
BTCUSDT,2025-01-13,92308.18,94728.63,91904.4,94538.72
BTCUSDT,2025-01-13,92123.33,92534.81,91245.86,92308.18
BTCUSDT,2025-01-13,90855.85,93093.8,89218.44,92123.33
BTCUSDT,2025-01-13,93591.24,93656.98,90836.31,90855.85
BTCUSDT,2025-01-13,94264.08,94918.79,93274.47,93591.24
BTCUSDT,2025-01-13,94549.27,95944.84,93901.28,94264.08
BTCUSDT,2025-01-12,94657.94,94808.18,93801.95,94549.27
BTCUSDT,2025-01-12,95076.94,95314.33,94583.64,94657.94
BTCUSDT,2025-01-12,94255.28,95459.7,94171.04,95076.94
BTCUSDT,2025-01-12,94329.46,94396.7,93714.33,94255.28
BTCUSDT,2025-01-12,94623.98,94653.14,94276.66,94329.46
BTCUSDT,2025-01-12,94608.55,94699.99,94299.58,94623.98
BTCUSDT,2025-01-11,94245.54,95028.76,94195.13,94608.55
BTCUSDT,2025-01-11,94414.91,94710.56,93981.65,94245.54
BTCUSDT,2025-01-11,94623.18,94656.62,94303.57,94414.91
BTCUSDT,2025-01-11,94246.68,94785.27,94030.69,94623.18
BTCUSDT,2025-01-11,94202.78,94441.72,93838.99,94246.68
BTCUSDT,2025-01-11,94724.89,94748.34,94104.15,94202.78
BTCUSDT,2025-01-10,95322.36,95447.78,94586.4,94724.89
BTCUSDT,2025-01-10,93733.58,95828.2,93189.38,95322.36
BTCUSDT,2025-01-10,95065.69,95119.65,92221.89,93733.58
BTCUSDT,2025-01-10,94496.36,95271.69,94385.37,95065.69
BTCUSDT,2025-01-10,93699.82,94994.44,93498.74,94496.36
BTCUSDT,2025-01-10,92548.35,93727.73,92459.39,93699.82
BTCUSDT,2025-01-09,91908.61,92715.52,91201.76,92548.35
BTCUSDT,2025-01-09,94246.26,94690.15,91904.14,91908.61
BTCUSDT,2025-01-09,93463.51,94583.04,91793.46,94246.26
BTCUSDT,2025-01-09,93221.89,93874.49,92753.03,93463.51
BTCUSDT,2025-01-09,94019.77,94618.74,93199.4,93221.89
BTCUSDT,2025-01-09,95059.84,95385.38,93447.18,94019.77
BTCUSDT,2025-01-08,94246.27,95303.34,93612.71,95059.84
BTCUSDT,2025-01-08,95489.5,95515.05,92529.84,94246.27
BTCUSDT,2025-01-08,95134.51,96074.69,94629.29,95489.5
BTCUSDT,2025-01-08,95657.93,96133.3,94540.85,95134.51
BTCUSDT,2025-01-08,96523.29,96649.69,95246.75,95657.93
BTCUSDT,2025-01-08,96953.26,97271.01,96228.21,96523.29
BTCUSDT,2025-01-07,96453.46,97218.15,96168.76,96953.26
BTCUSDT,2025-01-07,97950.68,98350.11,96319.99,96453.46
BTCUSDT,2025-01-07,100839.75,100964.62,97162.89,97950.68
BTCUSDT,2025-01-07,101674.14,101997.3,100482.51,100839.75
BTCUSDT,2025-01-07,101704.91,102012.83,101584.41,101674.14
BTCUSDT,2025-01-07,102227.35,102727.91,101516.65,101704.91
BTCUSDT,2025-01-06,101809.66,102326.64,101590.39,102227.35
BTCUSDT,2025-01-06,102150.12,102476.8,101245.32,101809.66
BTCUSDT,2025-01-06,99266.74,102471.78,98715.46,102150.12
BTCUSDT,2025-01-06,99316.73,99627.98,98708.61,99266.74
BTCUSDT,2025-01-06,99038.27,99896.51,99038.27,99316.73
BTCUSDT,2025-01-06,98367.52,99306.54,97919.39,99038.27
BTCUSDT,2025-01-05,98079.2,98834.95,98020.3,98367.52
BTCUSDT,2025-01-05,98032.51,98333.55,97583.26,98079.2
BTCUSDT,2025-01-05,97645.28,98275.23,97275.1,98032.51
BTCUSDT,2025-01-05,98266.86,98266.88,97588.4,97645.28
BTCUSDT,2025-01-05,98188.7,98524.58,98188.7,98266.86
BTCUSDT,2025-01-05,98222.23,98392.08,98045.88,98188.7
BTCUSDT,2025-01-04,98167.27,98776.98,98154.44,98222.23
BTCUSDT,2025-01-04,97662.2,98349.53,97566.48,98167.27
BTCUSDT,2025-01-04,97889.97,98156.34,97526.79,97662.2
BTCUSDT,2025-01-04,98271.66,98299.22,97569.25,97889.97
BTCUSDT,2025-01-04,98196.65,98336.64,97865.46,98271.66
BTCUSDT,2025-01-04,98177.97,98313.65,97798.18,98196.65
BTCUSDT,2025-01-03,98590.58,98749.35,98071.11,98177.97
BTCUSDT,2025-01-03,97523.32,98979.23,97405.29,98590.58
BTCUSDT,2025-01-03,96759.71,97659.75,96479.39,97523.32
BTCUSDT,2025-01-03,96309.21,96829.3,96104.15,96759.71
BTCUSDT,2025-01-03,97063.64,97071.26,96287.17,96309.21
BTCUSDT,2025-01-03,96987.53,97345.94,96652.36,97063.64
BTCUSDT,2025-01-02,97321.31,97842.64,96681.83,96987.53
BTCUSDT,2025-01-02,96465.12,97775.32,96048.06,97321.31
BTCUSDT,2025-01-02,96738.58,97424.32,95940.39,96465.12
BTCUSDT,2025-01-02,95826.06,96880.3,95636.94,96738.58
BTCUSDT,2025-01-02,95010.83,96008.34,94986.16,95826.06
BTCUSDT,2025-01-02,94594.99,95522.74,94390.99,95010.83
BTCUSDT,2025-01-01,94627.74,95157.57,94542.97,94594.99
BTCUSDT,2025-01-01,94434.76,94820.37,93761.45,94627.74
BTCUSDT,2025-01-01,93446.63,94502.72,93406.3,94434.76
BTCUSDT,2025-01-01,93688.28,93759.13,92911.69,93446.63
BTCUSDT,2025-01-01,93836.81,93934.81,93526.02,93688.28
BTCUSDT,2025-01-01,93575.14,94485.73,93488.56,93836.81
BTCUSDT,2024-12-31,94168.32,94224.2,93379.19,93575.14
BTCUSDT,2024-12-31,95417.26,95592.64,93195.02,94168.32
BTCUSDT,2024-12-31,94231.65,96251.11,94231.65,95417.26
BTCUSDT,2024-12-31,92859.79,94734.1,92840.71,94231.65
BTCUSDT,2024-12-31,92509.81,93033.59,92355.43,92859.79
BTCUSDT,2024-12-31,92791.22,92900.92,92040.29,92509.81
BTCUSDT,2024-12-30,94418.4,95019.28,91901.65,92791.22
BTCUSDT,2024-12-30,92124.55,94683.71,91802.53,94418.4
BTCUSDT,2024-12-30,93922.02,94272.65,91527.45,92124.55
BTCUSDT,2024-12-30,93726.56,94059.89,93470.65,93922.02
BTCUSDT,2024-12-30,93720.76,94053.39,93234.2,93726.56
BTCUSDT,2024-12-30,93738.6,94279.47,93367.14,93720.76
BTCUSDT,2024-12-29,93606.95,93940.72,93008.35,93738.6
BTCUSDT,2024-12-29,94511.49,94580.53,93381.85,93606.95
BTCUSDT,2024-12-29,95028.39,95231.45,94019.32,94511.49
BTCUSDT,2024-12-29,95268,95315.46,95009.25,95028.39
BTCUSDT,2024-12-29,95174.16,95280.99,94966.48,95268
BTCUSDT,2024-12-29,95299.89,95341.49,94809.59,95174.16
BTCUSDT,2024-12-28,95031.75,95735.38,94877.46,95299.89
BTCUSDT,2024-12-28,94445.98,95246.4,94391.24,95031.75
BTCUSDT,2024-12-28,94754.15,95330.3,94371.13,94445.98
BTCUSDT,2024-12-28,94378.31,94886.84,94308.04,94754.15
BTCUSDT,2024-12-28,94590.09,94794.81,94301.22,94378.31
BTCUSDT,2024-12-28,94300.13,94717.54,94133.68,94590.09
BTCUSDT,2024-12-27,94746.52,94824.95,94120.11,94300.13
BTCUSDT,2024-12-27,94577.53,94997.62,93496.64,94746.52
BTCUSDT,2024-12-27,96948.85,97032.27,94014.85,94577.53
BTCUSDT,2024-12-27,95103.47,97528.62,95103.47,96948.85
BTCUSDT,2024-12-27,96417.3,96610.04,94662.33,95103.47
BTCUSDT,2024-12-27,95786.15,96445.94,95402.11,96417.3
BTCUSDT,2024-12-26,96101.24,96116.4,95302.46,95786.15
BTCUSDT,2024-12-26,96040.75,96623.03,95439.11,96101.24
BTCUSDT,2024-12-26,95700.93,96283.92,95236.26,96040.75
BTCUSDT,2024-12-26,97725.05,97772.76,95194.9,95700.93
BTCUSDT,2024-12-26,98994.36,98994.39,97714.05,97725.05
BTCUSDT,2024-12-26,99437.05,99971.79,98483.25,98994.36
BTCUSDT,2024-12-25,99026.27,99573.59,98379.6,99437.05
BTCUSDT,2024-12-25,98529.62,99298.26,98137.75,99026.27
BTCUSDT,2024-12-25,97915.13,98836.62,97634.38,98529.62
BTCUSDT,2024-12-25,98087.31,99348.47,97785.91,97915.13
BTCUSDT,2024-12-25,98033.83,98578.32,97850.06,98087.31
BTCUSDT,2024-12-25,98665.85,98881.36,97723.76,98033.83
BTCUSDT,2024-12-24,97581.24,99079.13,97270.6,98665.85
BTCUSDT,2024-12-24,98299.2,99482.91,97555.67,97581.24
BTCUSDT,2024-12-24,94397.26,98303.82,94073.1,98299.2
BTCUSDT,2024-12-24,94232.36,94633.74,93844.32,94397.26
BTCUSDT,2024-12-24,94353.51,94653.1,93811.08,94232.36
BTCUSDT,2024-12-24,94883.73,94883.73,93565.75,94353.51
BTCUSDT,2024-12-23,93045.59,95508.15,92520.73,94883.73
BTCUSDT,2024-12-23,93251.91,94261.89,92688.68,93045.59
BTCUSDT,2024-12-23,95931.95,96412.77,93108.61,93251.91
BTCUSDT,2024-12-23,95402.16,96536.7,95036.01,95931.95
BTCUSDT,2024-12-23,96016.38,96507.17,94703.67,95402.16
BTCUSDT,2024-12-23,95184.79,96035.53,93698.57,96016.38
BTCUSDT,2024-12-22,94841.28,95823.48,94250.77,95184.79
BTCUSDT,2024-12-22,95370.27,96447.65,94688.01,94841.28
BTCUSDT,2024-12-22,97096.59,97299.63,95132.47,95370.27
BTCUSDT,2024-12-22,96209.72,97347.61,96195.42,97096.59
BTCUSDT,2024-12-22,96990.48,97073.85,95891.89,96209.72
BTCUSDT,2024-12-22,97287.38,97450.51,96555.61,96990.48
BTCUSDT,2024-12-21,97269.6,98049.89,96541.62,97287.38
BTCUSDT,2024-12-21,97522.4,97724.17,96817.49,97269.6
BTCUSDT,2024-12-21,98263.3,98287.41,96401.75,97522.4
BTCUSDT,2024-12-21,99039.69,99185.17,97795.1,98263.3
BTCUSDT,2024-12-21,97489.1,99541.84,97378.68,99039.69
BTCUSDT,2024-12-21,97805.69,97812.56,97185.67,97489.1
BTCUSDT,2024-12-20,97112.06,97816.94,95429.79,97805.69
BTCUSDT,2024-12-20,96990.05,97734.79,96304.51,97112.06
BTCUSDT,2024-12-20,92722.75,97566.23,92276.75,96990.05
BTCUSDT,2024-12-20,97827.49,97866.51,92614.83,92722.75
BTCUSDT,2024-12-20,97106.82,98237.27,96374.25,97827.49
BTCUSDT,2024-12-20,97461.1,97814.67,95995.77,97106.82
BTCUSDT,2024-12-19,97202.73,98434.39,95697.44,97461.1
BTCUSDT,2024-12-19,100676.73,101196.47,96254.51,97202.73
BTCUSDT,2024-12-19,102455.04,102797.79,99499.27,100676.73
BTCUSDT,2024-12-19,101654.51,102614.54,101374.11,102455.04
BTCUSDT,2024-12-19,101186.54,101720.41,100629.58,101654.51
BTCUSDT,2024-12-19,100204.52,101295.72,98786.08,101186.54
BTCUSDT,2024-12-18,102812.96,102980.57,99992.94,100204.52
BTCUSDT,2024-12-18,104429.75,104984.88,102807.57,102812.96
BTCUSDT,2024-12-18,105016.33,105344.76,103643.54,104429.75
BTCUSDT,2024-12-18,104253.14,105027.85,103726.89,105016.33
BTCUSDT,2024-12-18,104763.89,104763.89,103140,104253.14
BTCUSDT,2024-12-18,106129.62,106498.44,104584.89,104763.89
BTCUSDT,2024-12-17,106478.74,106908,105321.69,106129.62
BTCUSDT,2024-12-17,106476.5,107640.75,106146.29,106478.74
BTCUSDT,2024-12-17,106808.73,108356.09,105721.08,106476.5
BTCUSDT,2024-12-17,106811.67,107517.17,106714.31,106808.73
BTCUSDT,2024-12-17,106867.39,107133.77,106375.99,106811.67
BTCUSDT,2024-12-17,106059.73,106993.8,105660.07,106867.39
BTCUSDT,2024-12-16,106583.74,106650.92,105476.18,106059.73
BTCUSDT,2024-12-16,106330.78,107791.3,105800.02,106583.74
BTCUSDT,2024-12-16,103765.21,106495.41,103340.06,106330.78
BTCUSDT,2024-12-16,104988.95,105020.45,103646.54,103765.21
BTCUSDT,2024-12-16,104582.71,105412.54,104468.56,104988.95
BTCUSDT,2024-12-16,104472.14,106642.75,104275.56,104582.71
BTCUSDT,2024-12-15,103257.37,105262.46,102614.92,104472.14
BTCUSDT,2024-12-15,102704.15,103487.99,102586.32,103257.37
BTCUSDT,2024-12-15,102663.54,103344.98,102471.72,102704.15
BTCUSDT,2024-12-15,101732.14,102687.86,101583.34,102663.54
BTCUSDT,2024-12-15,101736.06,102851.28,101534.12,101732.14
BTCUSDT,2024-12-15,101416.69,102195.19,101235.86,101736.06
BTCUSDT,2024-12-14,101321.08,101493.61,100610.08,101416.69
BTCUSDT,2024-12-14,101625.66,101732.83,100832.95,101321.08
BTCUSDT,2024-12-14,101584.81,101745.02,100826.18,101625.66
BTCUSDT,2024-12-14,101822.88,101868.86,101324.83,101584.81
BTCUSDT,2024-12-14,102084.71,102147.85,101595.79,101822.88
BTCUSDT,2024-12-14,101426.83,102653.37,101148.53,102084.71
BTCUSDT,2024-12-13,101461.64,101875.83,101090.19,101426.83
BTCUSDT,2024-12-13,99871.2,101898.57,99795.68,101461.64
BTCUSDT,2024-12-13,100353.72,101377.24,99709.48,99871.2
BTCUSDT,2024-12-13,100132.17,100784.83,99895.4,100353.72
BTCUSDT,2024-12-13,99724.3,100228.86,99493.71,100132.17
BTCUSDT,2024-12-13,100002.55,100354.17,99206.46,99724.3
BTCUSDT,2024-12-12,99477.78,100476.23,99459.69,100002.55
BTCUSDT,2024-12-12,101796.41,102542.23,99311.63,99477.78
BTCUSDT,2024-12-12,100362.47,101862.18,100355.4,101796.41
BTCUSDT,2024-12-12,100496.4,101120.74,100175.82,100362.47
BTCUSDT,2024-12-12,101032.93,101196.01,100402.99,100496.4
BTCUSDT,2024-12-12,101125.13,101826.38,100337.86,101032.93
BTCUSDT,2024-12-11,101121.02,101887.28,100860.4,101125.13
BTCUSDT,2024-12-11,100362.93,101138.93,99608.75,101121.02
BTCUSDT,2024-12-11,98297.56,100786.48,98073.19,100362.93
BTCUSDT,2024-12-11,97332.96,98473.02,97308.66,98297.56
BTCUSDT,2024-12-11,97394.6,97784.24,97176.27,97332.96
BTCUSDT,2024-12-11,96589.76,97621.68,95658.3,97394.6
BTCUSDT,2024-12-10,95850.67,97198.17,95611.55,96589.76
BTCUSDT,2024-12-10,95648.39,96494.82,94247.84,95850.67
BTCUSDT,2024-12-10,97723.2,98271.06,95618.77,95648.39
BTCUSDT,2024-12-10,97194.35,97928.71,96939.69,97723.2
BTCUSDT,2024-12-10,96928.08,97506,95895.59,97194.35
BTCUSDT,2024-12-10,97277.73,98138.86,95559.5,96928.08
BTCUSDT,2024-12-09,97071.34,97570.74,94143.62,97277.73
BTCUSDT,2024-12-09,97802.37,98391.78,96995.42,97071.34
BTCUSDT,2024-12-09,98083.75,100422.74,97510.14,97802.37
BTCUSDT,2024-12-09,99574.97,99684.53,98035.22,98083.75
BTCUSDT,2024-12-09,99093.66,99733.3,98325.69,99574.97
BTCUSDT,2024-12-09,101109.43,101212.5,98451.03,99093.66
BTCUSDT,2024-12-08,100101.95,101353.28,99733.53,101109.43
BTCUSDT,2024-12-08,99912.24,100181.49,99477.08,100101.95
BTCUSDT,2024-12-08,99703.89,100498.52,99357.11,99912.24
BTCUSDT,2024-12-08,99673.15,99841.98,98664.16,99703.89
BTCUSDT,2024-12-08,99932.09,100029.92,99336.9,99673.15
BTCUSDT,2024-12-08,99833.84,100327.39,99637.49,99932.09
BTCUSDT,2024-12-07,100074.74,100431.59,99592.55,99833.84
BTCUSDT,2024-12-07,99748.73,100260.22,99459.3,100074.74
BTCUSDT,2024-12-07,99618.9,99793.53,99035.49,99748.73
BTCUSDT,2024-12-07,99404.91,99820.43,99260.45,99618.9
BTCUSDT,2024-12-07,99298.5,99667.53,98852.28,99404.91
BTCUSDT,2024-12-07,99737.7,100429.78,99281.28,99298.5
BTCUSDT,2024-12-06,101438.58,101887.42,99077.57,99737.7
BTCUSDT,2024-12-06,99310.24,101791.91,98762.28,101438.58
BTCUSDT,2024-12-06,98068.07,99483.38,97513.04,99310.24
BTCUSDT,2024-12-06,98139.85,98699.3,97644.16,98068.07
BTCUSDT,2024-12-06,97736.14,98286.16,97370.29,98139.85
BTCUSDT,2024-12-06,96945.03,98809.56,96303.95,97736.14
BTCUSDT,2024-12-05,99027.57,99479,91510.95,96945.03
BTCUSDT,2024-12-05,101298.55,101997.48,98635.15,99027.57
BTCUSDT,2024-12-05,102566.95,103544.2,100933.32,101298.55
BTCUSDT,2024-12-05,102228.3,103133.84,102228.3,102566.95
BTCUSDT,2024-12-05,102958.01,103540.33,101326.03,102228.3
BTCUSDT,2024-12-05,98587.24,104052.56,97891.17,102958.01
BTCUSDT,2024-12-04,97203.16,98995.17,97126.25,98587.24
BTCUSDT,2024-12-04,95743.56,97223.46,94584.36,97203.16
BTCUSDT,2024-12-04,96192.23,96557.5,95353.39,95743.56
BTCUSDT,2024-12-04,96588.56,96952.85,96179.81,96192.23
BTCUSDT,2024-12-04,95769.37,96711.44,95713.14,96588.56
BTCUSDT,2024-12-04,95850.59,96615.09,95222.41,95769.37
BTCUSDT,2024-12-03,95428.57,96122.21,95268.74,95850.59
BTCUSDT,2024-12-03,95683.26,96166.34,94860.53,95428.57
BTCUSDT,2024-12-03,94990.23,96246.21,93580.54,95683.26
BTCUSDT,2024-12-03,95550.78,95661.63,94617.07,94990.23
BTCUSDT,2024-12-03,96077.1,96241.36,95277.18,95550.78
BTCUSDT,2024-12-03,95835.82,96298.82,95401.44,96077.1
BTCUSDT,2024-12-02,95818.81,96330.96,95109.96,95835.82
BTCUSDT,2024-12-02,97048.39,97349.62,94403.43,95818.81
BTCUSDT,2024-12-02,95124.68,97209.78,94773.95,97048.39
BTCUSDT,2024-12-02,95997.65,96109.82,94820.63,95124.68
BTCUSDT,2024-12-02,96480.15,96925.06,95751.4,95997.65
BTCUSDT,2024-12-02,97187.2,98137.32,96349.87,96480.15
BTCUSDT,2024-12-01,97177.93,97836.43,96795.82,97187.2
BTCUSDT,2024-12-01,97030,97524.42,96959.21,97177.93
BTCUSDT,2024-12-01,97111.19,97391.35,96666.58,97030
BTCUSDT,2024-12-01,96470.07,97176.87,96422.57,97111.19
BTCUSDT,2024-12-01,96335.87,96514.49,96193.07,96470.07
BTCUSDT,2024-12-01,96408.11,96669.05,95692.85,96335.87
BTCUSDT,2024-11-30,97016.76,97040.47,96319.49,96408.11
BTCUSDT,2024-11-30,96644.8,97060.05,96526.03,97016.76
BTCUSDT,2024-11-30,96265.29,96731.75,96242.23,96644.8
BTCUSDT,2024-11-30,96783.1,96965.03,96091.34,96265.29
BTCUSDT,2024-11-30,96638.91,97232.3,96535.68,96783.1
BTCUSDT,2024-11-30,97456.03,97458.69,96317.82,96638.91
BTCUSDT,2024-11-29,97332.18,97624.27,96983.96,97456.03
BTCUSDT,2024-11-29,98013.73,98433.4,96854.91,97332.18
BTCUSDT,2024-11-29,97237.41,98617.64,96767.54,98013.73
BTCUSDT,2024-11-29,95621.59,97352.51,95614.61,97237.41
BTCUSDT,2024-11-29,96591.32,96627.54,95597.59,95621.59
BTCUSDT,2024-11-29,95642.69,96855.33,95363.93,96591.32
BTCUSDT,2024-11-28,95118.55,96021.73,94699.18,95642.69
BTCUSDT,2024-11-28,95000.65,95436.34,94823.61,95118.55
BTCUSDT,2024-11-28,95452.8,96215.98,94898.1,95000.65
BTCUSDT,2024-11-28,95299.14,95778.9,94636.64,95452.8
BTCUSDT,2024-11-28,95469.8,95914.4,95074.25,95299.14
BTCUSDT,2024-11-28,95858.51,96563.03,94821.36,95469.8
BTCUSDT,2024-11-27,96626.15,97207.31,95741.79,95858.51
BTCUSDT,2024-11-27,95560.02,96627.23,95187.75,96626.15
BTCUSDT,2024-11-27,93364.85,95850.32,92846.89,95560.02
BTCUSDT,2024-11-27,93595.92,93882.55,93107.2,93364.85
BTCUSDT,2024-11-27,92587.26,93644.86,92361.74,93595.92
BTCUSDT,2024-11-27,91964.36,93036.01,91794.13,92587.26
BTCUSDT,2024-11-26,91680.67,92363.36,90794.37,91964.36
BTCUSDT,2024-11-26,92812.69,94670.7,91567.46,91680.67
BTCUSDT,2024-11-26,92359.05,93558.09,91745.41,92812.69
BTCUSDT,2024-11-26,93782,93782.59,91470.67,92359.05
BTCUSDT,2024-11-26,94462.1,94975.08,93506.22,93782
BTCUSDT,2024-11-26,93005.78,94919.03,92750.87,94462.1
BTCUSDT,2024-11-25,94665.76,95301.54,92611.44,93005.78
BTCUSDT,2024-11-25,95998.77,96498.12,94430.35,94665.76
BTCUSDT,2024-11-25,98185.22,98309.7,94590.07,95998.77
BTCUSDT,2024-11-25,98046.83,98868.6,97850.69,98185.22
BTCUSDT,2024-11-25,97893.09,98370.84,97549.16,98046.83
BTCUSDT,2024-11-25,97902.65,98050.23,96887.31,97893.09
BTCUSDT,2024-11-24,96319.42,98364.22,96194.34,97902.65
BTCUSDT,2024-11-24,95905.66,96748.8,95737.42,96319.42
BTCUSDT,2024-11-24,97276.81,97605.32,95905.57,95905.66
BTCUSDT,2024-11-24,98420.16,98455.99,97237.65,97276.81
BTCUSDT,2024-11-24,98197.32,98420.21,97877.38,98420.16
BTCUSDT,2024-11-24,97671.86,98556.69,97621.68,98197.32
BTCUSDT,2024-11-23,97502.68,98019.43,97134.33,97671.86
BTCUSDT,2024-11-23,98393.19,98457.14,97335.21,97502.68
BTCUSDT,2024-11-23,98426.45,98844.06,98393.03,98393.19
BTCUSDT,2024-11-23,98556.6,98620.88,98302.9,98426.45
BTCUSDT,2024-11-23,98663.81,98800.5,98282.65,98556.6
BTCUSDT,2024-11-23,98890.82,98905.5,98298.46,98663.81
BTCUSDT,2024-11-22,99083.86,99445.78,98557.63,98890.82
BTCUSDT,2024-11-22,98662.51,99581.67,98223.27,99083.86
BTCUSDT,2024-11-22,98866.95,98944.87,97136.31,98662.51
BTCUSDT,2024-11-22,99172.27,99256.55,98239.85,98866.95
BTCUSDT,2024-11-22,98835.33,99415.86,98513.45,99172.27
BTCUSDT,2024-11-22,98319.18,99291.3,97835.05,98835.33
BTCUSDT,2024-11-21,97827.47,98722.77,97533.47,98319.18
BTCUSDT,2024-11-21,96668.13,98975.66,96285.33,97827.47
BTCUSDT,2024-11-21,97972.83,98247.74,95601.15,96668.13
BTCUSDT,2024-11-21,96909.85,98373.9,96728.42,97972.83
BTCUSDT,2024-11-21,95794.15,97847.68,95794.14,96909.85
BTCUSDT,2024-11-21,94285.46,95903.97,94035.08,95794.15
BTCUSDT,2024-11-20,94003.82,94595.62,93771.31,94285.46
BTCUSDT,2024-11-20,94729.25,94818.29,93151.14,94003.82
BTCUSDT,2024-11-20,93452.05,94799.15,93310.75,94729.25
BTCUSDT,2024-11-20,92843.65,93663.15,92720.27,93452.05
BTCUSDT,2024-11-20,92038.24,92847.56,91856.33,92843.65
BTCUSDT,2024-11-20,92302.68,92412.49,91494.41,92038.24
BTCUSDT,2024-11-19,93223.25,93566.28,91336.15,92302.68
BTCUSDT,2024-11-19,92383.76,93899.92,92154.27,93223.25
BTCUSDT,2024-11-19,91652.93,92785.57,90984.39,92383.76
BTCUSDT,2024-11-19,91617.79,91944.33,91192.45,91652.93
BTCUSDT,2024-11-19,91426.31,92002.92,91240.86,91617.79
BTCUSDT,2024-11-19,90463.03,91531.82,90359.33,91426.31
BTCUSDT,2024-11-18,90608.7,91976.05,90235.91,90463.03
BTCUSDT,2024-11-18,92313.87,92572.17,89673.48,90608.7
BTCUSDT,2024-11-18,90274.44,92599.9,89377.42,92313.87
BTCUSDT,2024-11-18,91718.49,92210.95,90049.52,90274.44
BTCUSDT,2024-11-18,90665.62,92247.22,90442.68,91718.49
BTCUSDT,2024-11-18,89854.09,90933.94,89625.11,90665.62
BTCUSDT,2024-11-17,90045.81,90214.4,88718.5,89854.09
BTCUSDT,2024-11-17,90261.31,90633.5,89691.18,90045.81
BTCUSDT,2024-11-17,90689.7,91184.6,89936.41,90261.31
BTCUSDT,2024-11-17,90551.85,91454.2,90479.84,90689.7
BTCUSDT,2024-11-17,90246.59,90883.37,90156.11,90551.85
BTCUSDT,2024-11-17,90580.05,90887.75,89363.29,90246.59
BTCUSDT,2024-11-16,91101.56,91181.01,90302.31,90580.05
BTCUSDT,2024-11-16,90522.72,91392.66,90196.27,91101.56
BTCUSDT,2024-11-16,91170.78,91313.89,90063.59,90522.72
BTCUSDT,2024-11-16,91119.97,91588.08,90994.92,91170.78
BTCUSDT,2024-11-16,91249.99,91770.99,91065.38,91119.97
BTCUSDT,2024-11-16,91027.3,91699.12,90845.13,91249.99
BTCUSDT,2024-11-15,90375.45,91845.65,90326.79,91027.3
BTCUSDT,2024-11-15,88441.32,90836.83,88387.62,90375.45
BTCUSDT,2024-11-15,89735.03,90702.04,87766.64,88441.32
BTCUSDT,2024-11-15,87617.85,89761.33,87371.84,89735.03
BTCUSDT,2024-11-15,88214.36,88385.37,87077.96,87617.85
BTCUSDT,2024-11-15,87324.29,88467.59,87252.65,88214.36
BTCUSDT,2024-11-14,89461.43,89461.43,86669.54,87324.29
BTCUSDT,2024-11-14,87946.27,89684.44,87559.26,89461.43
BTCUSDT,2024-11-14,91490.6,91762.62,87845.12,87946.27
BTCUSDT,2024-11-14,90775.42,91652.82,90336.92,91490.6
BTCUSDT,2024-11-14,89939.42,90852.47,89111.31,90775.42
BTCUSDT,2024-11-14,90374.65,90562.27,89487.97,89939.42
BTCUSDT,2024-11-13,90190.59,91156.33,87967.44,90374.65
BTCUSDT,2024-11-13,92537.87,93260.83,89966.96,90190.59
BTCUSDT,2024-11-13,87669.76,92685.19,87504.22,92537.87
BTCUSDT,2024-11-13,87354.93,88079.69,87083.32,87669.76
BTCUSDT,2024-11-13,87135.16,87687.65,86124.94,87354.93
BTCUSDT,2024-11-13,87946.18,88555.5,87013.67,87135.16
BTCUSDT,2024-11-12,88702.85,89846.41,87401.92,87946.18
BTCUSDT,2024-11-12,86616.18,89758.76,85731.04,88702.85
BTCUSDT,2024-11-12,87157.96,87854.38,85082.41,86616.18
BTCUSDT,2024-11-12,88990.01,89379.59,85280.93,87157.96
BTCUSDT,2024-11-12,88052.07,89936.13,87714.01,88990.01
BTCUSDT,2024-11-12,88646.24,89473.2,86580.66,88052.07
BTCUSDT,2024-11-11,86100.13,89542.73,86057.94,88646.24
BTCUSDT,2024-11-11,84058.05,86642.7,83829.72,86100.13
BTCUSDT,2024-11-11,82132.96,84259.79,81469.67,84058.05
BTCUSDT,2024-11-11,81111.7,82374.86,81023.32,82132.96
BTCUSDT,2024-11-11,81613.05,81727.63,80435.26,81111.7
BTCUSDT,2024-11-11,80366.47,81846.21,80215.8,81613.05
BTCUSDT,2024-11-10,79745.53,81501.06,78486.37,80366.47
BTCUSDT,2024-11-10,79690.71,81063.47,79329.23,79745.53
BTCUSDT,2024-11-10,79848.19,80088.58,79191.76,79690.71
BTCUSDT,2024-11-10,78829.98,80043.72,78829.98,79848.19
BTCUSDT,2024-11-10,77205.54,79761.06,77137.86,78829.98
BTCUSDT,2024-11-10,76676.76,77489.37,76493.38,77205.54
BTCUSDT,2024-11-09,76204.54,76903.58,76176.98,76676.76
BTCUSDT,2024-11-09,76318.64,76702.01,75713.38,76204.54
BTCUSDT,2024-11-09,76486.35,76538.51,76272.92,76318.64
BTCUSDT,2024-11-09,76528.15,76732.78,76373.07,76486.35
BTCUSDT,2024-11-09,76340.1,76793.6,76294,76528.15
BTCUSDT,2024-11-09,76506.83,76632.11,76137.78,76340.1
BTCUSDT,2024-11-08,76910.05,77093.6,76297.94,76506.83
BTCUSDT,2024-11-08,76424.2,77183.63,75821.41,76910.05
BTCUSDT,2024-11-08,75934.92,76584.26,75628.36,76424.2
BTCUSDT,2024-11-08,76152.35,76318.05,75764.99,75934.92
BTCUSDT,2024-11-08,75891.91,76220.81,75686.24,76152.35
BTCUSDT,2024-11-08,75857.58,76358.23,75572.23,75891.91
BTCUSDT,2024-11-07,76525.24,76830.43,75490.82,75857.58
BTCUSDT,2024-11-07,76056.27,76711.54,75557.21,76525.24
BTCUSDT,2024-11-07,74747.28,76057.4,74522.45,76056.27
BTCUSDT,2024-11-07,74761.34,75149.51,74668.74,74747.28
BTCUSDT,2024-11-07,75044.59,75048.81,74422.38,74761.34
BTCUSDT,2024-11-07,75573.76,76019.22,75008.25,75044.59
BTCUSDT,2024-11-06,75816.84,76390.86,75506.79,75573.76
BTCUSDT,2024-11-06,74295.42,75838.98,74142.33,75816.84
BTCUSDT,2024-11-06,74273.03,74757.67,73492.59,74295.42
BTCUSDT,2024-11-06,73369.96,74465.6,72685.57,74273.03
BTCUSDT,2024-11-06,74345.97,75404.06,73112.47,73369.96
BTCUSDT,2024-11-06,69373.02,75071.96,69296.04,74345.97
BTCUSDT,2024-11-05,68999.53,69896.84,68831.07,69373.02
BTCUSDT,2024-11-05,69635.36,70548.77,68732.83,68999.53
BTCUSDT,2024-11-05,68809.81,70322.42,68669.44,69635.36
BTCUSDT,2024-11-05,68895.59,69098.87,68616.51,68809.81
BTCUSDT,2024-11-05,68242.16,68975.06,68217.83,68895.59
BTCUSDT,2024-11-05,67850.56,68253.43,67476.19,68242.16
BTCUSDT,2024-11-04,67855.18,68105.89,66834.59,67850.56
BTCUSDT,2024-11-04,68646.28,68801.51,67258.28,67855.18
BTCUSDT,2024-11-04,68794.52,69262.66,68204.55,68646.28
BTCUSDT,2024-11-04,68618.39,69038.25,68473.49,68794.52
BTCUSDT,2024-11-04,69046.76,69400.44,68617.96,68618.39
BTCUSDT,2024-11-04,68773.9,69496.65,68240.8,69046.76
BTCUSDT,2024-11-03,68676.89,69351.33,68502.16,68773.9
BTCUSDT,2024-11-03,68094.03,68692.05,67693.14,68676.89
BTCUSDT,2024-11-03,68356.22,68556.21,67479.5,68094.03
BTCUSDT,2024-11-03,68397.21,68604.03,68202.24,68356.22
BTCUSDT,2024-11-03,68380.47,68770.81,68303.41,68397.21
BTCUSDT,2024-11-03,69370.4,69387.12,67862.26,68380.47
BTCUSDT,2024-11-02,69509.16,69568.91,69159.16,69370.4
BTCUSDT,2024-11-02,69393.1,69612.2,69225.23,69509.16
BTCUSDT,2024-11-02,69607.2,69706.67,69018.43,69393.1
BTCUSDT,2024-11-02,69816.19,69840.51,69417.1,69607.2
BTCUSDT,2024-11-02,69599.48,69823,69446.37,69816.19
BTCUSDT,2024-11-02,69496.82,69913.43,69479.61,69599.48
BTCUSDT,2024-11-01,69267.62,69626.55,68856.15,69496.82
BTCUSDT,2024-11-01,69386.91,70514.41,68821.06,69267.62
BTCUSDT,2024-11-01,70004.47,71631.01,69043.3,69386.91
BTCUSDT,2024-11-01,69274,70229.2,69237.5,70004.47
BTCUSDT,2024-11-01,69368.35,69698.98,69081.9,69274
BTCUSDT,2024-11-01,70296.62,70468.76,68846.06,69368.35
BTCUSDT,2024-10-31,70101.75,70649.64,69687.35,70296.62
BTCUSDT,2024-10-31,70621.39,70907.94,70045.91,70101.75
BTCUSDT,2024-10-31,72223.73,72274.72,70441.25,70621.39
BTCUSDT,2024-10-31,72417.41,72698.41,72152.09,72223.73
BTCUSDT,2024-10-31,72351.7,72477.88,72149.75,72417.41
BTCUSDT,2024-10-31,72346.54,72598.62,72031.6,72351.7
BTCUSDT,2024-10-30,71822.8,72960.64,71642.85,72346.54
BTCUSDT,2024-10-30,72060.61,72196.58,71646.38,71822.8
BTCUSDT,2024-10-30,71983.08,72467.1,71439.34,72060.61
BTCUSDT,2024-10-30,72228.96,72601.12,71928.54,71983.08
BTCUSDT,2024-10-30,72237.3,72613.3,72101.21,72228.96
BTCUSDT,2024-10-30,72738.76,72788.91,72005.64,72237.3
BTCUSDT,2024-10-29,72533.05,72981.11,71871.16,72738.76
BTCUSDT,2024-10-29,72400.14,73627.4,72350.99,72533.05
BTCUSDT,2024-10-29,71454.34,72420.34,70929.79,72400.14
BTCUSDT,2024-10-29,71012.82,71580.87,70977.71,71454.34
BTCUSDT,2024-10-29,70938.98,71362.89,70839.91,71012.82
BTCUSDT,2024-10-29,69960.66,71584.13,69760.91,70938.98
BTCUSDT,2024-10-28,69629.43,70286.85,69435.21,69960.66
BTCUSDT,2024-10-28,68491.15,69897.69,68451.17,69629.43
BTCUSDT,2024-10-28,68755.76,69278.31,68431.61,68491.15
BTCUSDT,2024-10-28,68417.3,68833.63,68238.16,68755.76
BTCUSDT,2024-10-28,67726.06,68679.12,67616.24,68417.3
BTCUSDT,2024-10-28,68021.82,68117.94,67678.69,67726.06
BTCUSDT,2024-10-27,67846.69,68332.01,67730.95,68021.82
BTCUSDT,2024-10-27,67789.93,67997.94,67541.23,67846.69
BTCUSDT,2024-10-27,67127.15,67856.2,67122.04,67789.93
BTCUSDT,2024-10-27,67203.84,67267.8,67038.8,67127.15
BTCUSDT,2024-10-27,67289.41,67318.21,67120.63,67203.84
BTCUSDT,2024-10-27,67094.1,67323.12,66934.64,67289.41
BTCUSDT,2024-10-26,67180.22,67456.46,67086.51,67094.1
BTCUSDT,2024-10-26,66886.12,67184.95,66789.22,67180.22
BTCUSDT,2024-10-26,67135.87,67179.66,66742.46,66886.12
BTCUSDT,2024-10-26,67008.28,67263.71,66955.01,67135.87
BTCUSDT,2024-10-26,66912.92,67238.94,66787.6,67008.28
BTCUSDT,2024-10-26,66700.08,67045.22,66442.6,66912.92
BTCUSDT,2024-10-25,66846.82,67381.06,65594.8,66700.08
BTCUSDT,2024-10-25,67690.55,67863.27,66003.63,66846.82
BTCUSDT,2024-10-25,68105.48,68770.1,67446.44,67690.55
BTCUSDT,2024-10-25,67530.4,68177.53,67304.55,68105.48
BTCUSDT,2024-10-25,68007.22,68044.94,67252.54,67530.4
BTCUSDT,2024-10-25,68197.42,68278.64,67836.15,68007.22
BTCUSDT,2024-10-24,68303.95,68848.98,67977.12,68197.42
BTCUSDT,2024-10-24,67697.78,68318.98,67349.39,68303.95
BTCUSDT,2024-10-24,67287.57,67984.13,67262.59,67697.78
BTCUSDT,2024-10-24,67123.26,67323.59,66725.99,67287.57
BTCUSDT,2024-10-24,67213.77,67477.88,67074.97,67123.26
BTCUSDT,2024-10-24,66668.82,67613.88,66512.44,67213.77
BTCUSDT,2024-10-23,66472.57,66807.97,66340.41,66668.82
BTCUSDT,2024-10-23,66222.19,66571.28,65258.33,66472.57
BTCUSDT,2024-10-23,66417.16,66887.82,65923.35,66222.19
BTCUSDT,2024-10-23,66853.07,67040.42,66199.95,66417.16
BTCUSDT,2024-10-23,67081.18,67302.34,66799.45,66853.07
BTCUSDT,2024-10-23,67425.59,67456.89,66891.56,67081.18
BTCUSDT,2024-10-22,67482.08,67836.63,67291.17,67425.59
BTCUSDT,2024-10-22,67283.45,67635.91,66919.16,67482.08
BTCUSDT,2024-10-22,67299.56,67691.02,66644.79,67283.45
BTCUSDT,2024-10-22,67399.97,67522.62,66748.11,67299.56
BTCUSDT,2024-10-22,67390.41,67795.52,67279.72,67399.97
BTCUSDT,2024-10-22,67377.88,67692.1,66576.66,67390.41
BTCUSDT,2024-10-21,67760.81,67929.7,67365.94,67377.88
BTCUSDT,2024-10-21,67338.59,67934.31,66893.63,67760.81
BTCUSDT,2024-10-21,68239.17,68331.09,66843.56,67338.59
BTCUSDT,2024-10-21,68513.94,68662.48,68133.79,68239.17
BTCUSDT,2024-10-21,68939.64,69185.99,68490.16,68513.94
BTCUSDT,2024-10-21,69033.25,69527.08,68595.07,68939.64
BTCUSDT,2024-10-20,68508.54,69404.46,68461.95,69033.25
BTCUSDT,2024-10-20,68627.27,68661.44,68420.86,68508.54
BTCUSDT,2024-10-20,68418.29,68767.17,68204.78,68627.27
BTCUSDT,2024-10-20,68374.29,68498.29,68352.61,68418.29
BTCUSDT,2024-10-20,68188.78,68433.79,68175.08,68374.29
BTCUSDT,2024-10-20,68375.97,68445.73,68099.74,68188.78
BTCUSDT,2024-10-19,68180.54,68413.79,68167.53,68375.97
BTCUSDT,2024-10-19,68226.88,68240.76,68009.67,68180.54
BTCUSDT,2024-10-19,68087.74,68350.53,68084.9,68226.88
BTCUSDT,2024-10-19,68347.89,68475.67,68086.22,68087.74
BTCUSDT,2024-10-19,68451.62,68563.91,68302.72,68347.89
BTCUSDT,2024-10-19,68428.04,68694.06,68302.68,68451.62
BTCUSDT,2024-10-18,68606.04,68691.52,68206.3,68428.04
BTCUSDT,2024-10-18,68736.7,68999.93,68359.06,68606.04
BTCUSDT,2024-10-18,67700.78,68873.51,67642.64,68736.7
BTCUSDT,2024-10-18,67969.11,68052.08,67674.87,67700.78
BTCUSDT,2024-10-18,67554.34,68379.54,67542.65,67969.11
BTCUSDT,2024-10-18,67422.12,68244.33,67192.45,67554.34
BTCUSDT,2024-10-17,66839.6,67481.19,66826.57,67422.12
BTCUSDT,2024-10-17,67588.6,67592.21,66719.35,66839.6
BTCUSDT,2024-10-17,66875.59,67673.05,66669.42,67588.6
BTCUSDT,2024-10-17,67301.98,67526.58,66774.49,66875.59
BTCUSDT,2024-10-17,67599.58,67599.58,67084.02,67301.98
BTCUSDT,2024-10-17,67618.44,67938.88,67406.15,67599.58
BTCUSDT,2024-10-16,67728.89,67953.35,67498.62,67618.44
BTCUSDT,2024-10-16,67750.39,68100.43,67484.65,67728.89
BTCUSDT,2024-10-16,67899.18,68308.97,67126.7,67750.39
BTCUSDT,2024-10-16,66975.04,68416.39,66919.29,67899.18
BTCUSDT,2024-10-16,67096.3,67356.08,66774.82,66975.04
BTCUSDT,2024-10-16,67073.45,67558.75,66753.46,67096.3
BTCUSDT,2024-10-15,66972.99,67153.12,66136.2,67073.45
BTCUSDT,2024-10-15,66021.58,67387.15,65984.41,66972.99
BTCUSDT,2024-10-15,65400.11,67954.06,64803.99,66021.58
BTCUSDT,2024-10-15,65647.27,65851.82,65280.84,65400.11
BTCUSDT,2024-10-15,65401.39,65847.52,65220.38,65647.27
BTCUSDT,2024-10-15,66085.7,66330.54,65331.57,65401.39
BTCUSDT,2024-10-14,65940.85,66506.4,65732.7,66085.7
BTCUSDT,2024-10-14,65872.41,66074.48,65546.33,65940.85
BTCUSDT,2024-10-14,64920.15,66295.95,64660.14,65872.41
BTCUSDT,2024-10-14,64620.39,65147.08,64342.36,64920.15
BTCUSDT,2024-10-14,64301.05,64682.84,63781.8,64620.39
BTCUSDT,2024-10-14,62870.15,64390.78,62457.34,64301.05
BTCUSDT,2024-10-13,62733.35,63126.09,62609.62,62870.15
BTCUSDT,2024-10-13,62228.95,62884.71,62174.99,62733.35
BTCUSDT,2024-10-13,62562.64,62820.69,62049.84,62228.95
BTCUSDT,2024-10-13,62846.8,62964.47,62521.73,62562.64
BTCUSDT,2024-10-13,62711.49,62992.8,62707.63,62846.8
BTCUSDT,2024-10-13,63205.87,63286.72,62656.94,62711.49
BTCUSDT,2024-10-12,62999.1,63372.19,62998.82,63205.87
BTCUSDT,2024-10-12,63159.37,63399.57,62912.18,62999.1
BTCUSDT,2024-10-12,62939.03,63481.1,62822.35,63159.37
BTCUSDT,2024-10-12,62764.31,63259.21,62672.78,62939.03
BTCUSDT,2024-10-12,62568.74,62801.88,62568.03,62764.31
BTCUSDT,2024-10-12,62538.03,63075.68,62488.79,62568.74
BTCUSDT,2024-10-11,63087.79,63164.01,62354.82,62538.03
BTCUSDT,2024-10-11,62260.08,63417.43,62123.34,63087.79
BTCUSDT,2024-10-11,61173.39,62450.88,61129.56,62260.08
BTCUSDT,2024-10-11,60674.27,61259.61,60650.69,61173.39
BTCUSDT,2024-10-11,60612.04,60923.6,60576.9,60674.27
BTCUSDT,2024-10-11,60324.58,60769.22,60089.21,60612.04
BTCUSDT,2024-10-10,59726.66,60324.86,59586.6,60324.58
BTCUSDT,2024-10-10,60789.59,61030.95,58943.73,59726.66
BTCUSDT,2024-10-10,61261.54,61317.68,60446.71,60789.59
BTCUSDT,2024-10-10,60898.75,61314.13,60629.27,61261.54
BTCUSDT,2024-10-10,60865.89,61149.85,60814.15,60898.75
BTCUSDT,2024-10-10,60636.74,60955.64,60371.18,60865.89
BTCUSDT,2024-10-09,61032.56,61121.37,60305.44,60636.74
BTCUSDT,2024-10-09,62314.59,62349.2,60835.52,61032.56
BTCUSDT,2024-10-09,62199.16,62411.57,61638.66,62314.59
BTCUSDT,2024-10-09,62275.15,62288.06,62052.92,62199.16
BTCUSDT,2024-10-09,62392.29,62544.21,62200.44,62275.15
BTCUSDT,2024-10-09,62160.16,62494.41,62002.53,62392.29
BTCUSDT,2024-10-08,62245.38,62566.61,62025.01,62160.16
BTCUSDT,2024-10-08,62287.77,62597.13,61870.58,62245.38
BTCUSDT,2024-10-08,62624.3,63199.71,61876.95,62287.77
BTCUSDT,2024-10-08,62317.47,62666.22,62191.79,62624.3
BTCUSDT,2024-10-08,62628.71,62778.17,62006.71,62317.47
BTCUSDT,2024-10-08,62223.84,62818.6,62157.22,62628.71
BTCUSDT,2024-10-07,63380.53,63409.27,62127.76,62223.84
BTCUSDT,2024-10-07,63654.31,63908.98,62736.98,63380.53
BTCUSDT,2024-10-07,63137.99,64470.41,62826.05,63654.31
BTCUSDT,2024-10-07,63534.68,63706.62,62655.07,63137.99
BTCUSDT,2024-10-07,63530.37,63721.17,63315.75,63534.68
BTCUSDT,2024-10-07,62821,63970.24,62660.85,63530.37
BTCUSDT,2024-10-06,62630.5,62913.09,62303.64,62821
BTCUSDT,2024-10-06,62720.22,62971.22,62549.3,62630.5
BTCUSDT,2024-10-06,62101.57,62776.89,62065.35,62720.22
BTCUSDT,2024-10-06,61948.99,62166.67,61922.76,62101.57
BTCUSDT,2024-10-06,61881.13,62012.58,61811.09,61948.99
BTCUSDT,2024-10-06,62058.04,62149.92,61880.33,61881.13
BTCUSDT,2024-10-05,61848.81,62100.79,61707.05,62058.04
BTCUSDT,2024-10-05,62166.3,62180.75,61789.79,61848.81
BTCUSDT,2024-10-05,62181.71,62372.44,62099.75,62166.3
BTCUSDT,2024-10-05,62074.12,62325.88,62074.12,62181.71
BTCUSDT,2024-10-05,61864.56,62268.34,61822.71,62074.12
BTCUSDT,2024-10-05,62086.84,62203.15,61689.12,61864.56
BTCUSDT,2024-10-04,62368.04,62483.23,61971.91,62086.84
BTCUSDT,2024-10-04,61873.85,62467.79,61642.6,62368.04
BTCUSDT,2024-10-04,61448.71,62005.75,60800.56,61873.85
BTCUSDT,2024-10-04,61440.9,61644.16,61266.14,61448.71
BTCUSDT,2024-10-04,60952.59,61508.48,60936.21,61440.9
BTCUSDT,2024-10-04,60753.32,61272.19,60462.28,60952.59
BTCUSDT,2024-10-03,61036.88,61098.64,60611.19,60753.32
BTCUSDT,2024-10-03,60640.16,61056.8,59922.4,61036.88
BTCUSDT,2024-10-03,60766.69,60890.89,59864.49,60640.16
BTCUSDT,2024-10-03,60926.74,61068.59,60127.53,60766.69
BTCUSDT,2024-10-03,61463.24,61477.58,60818.57,60926.74
BTCUSDT,2024-10-03,60648.15,61464.58,60534.99,61463.24
BTCUSDT,2024-10-02,60191.9,60995.84,60129.13,60648.15
BTCUSDT,2024-10-02,61875.02,62377.47,59998.18,60191.9
BTCUSDT,2024-10-02,61164.39,61926.21,60550.4,61875.02
BTCUSDT,2024-10-02,61728.05,61913.08,60888.88,61164.39
BTCUSDT,2024-10-02,61748.67,61939.92,61351.16,61728.05
BTCUSDT,2024-10-02,60810.54,61880.44,60734.61,61748.67
BTCUSDT,2024-10-01,61754.41,61761.28,60166.15,60810.54
BTCUSDT,2024-10-01,62632.14,62776.04,61090.01,61754.41
BTCUSDT,2024-10-01,63732.53,63810.2,61811.21,62632.14
BTCUSDT,2024-10-01,64045.3,64110.26,63715.69,63732.53
BTCUSDT,2024-10-01,63722.05,64126.82,63649.48,64045.3
BTCUSDT,2024-10-01,63326.5,63743.65,63002.77,63722.05
BTCUSDT,2024-09-30,63486.4,63857.38,62856.88,63326.5
BTCUSDT,2024-09-30,63560.56,63735.76,63057.8,63486.4
BTCUSDT,2024-09-30,63821.17,64157.9,63540.23,63560.56
BTCUSDT,2024-09-30,64563.44,64576.36,63254.73,63821.17
BTCUSDT,2024-09-30,64555.26,64728.19,64322.29,64563.44
BTCUSDT,2024-09-30,65602.42,65619.89,64192.53,64555.26
BTCUSDT,2024-09-29,65956.79,66076.99,65528.27,65602.42
BTCUSDT,2024-09-29,65752.66,65971.15,65652.76,65956.79
BTCUSDT,2024-09-29,65694.29,65852.58,65577.2,65752.66
BTCUSDT,2024-09-29,65475.78,65722.99,65435.28,65694.29
BTCUSDT,2024-09-29,65816.88,65816.9,65434.3,65475.78
BTCUSDT,2024-09-29,65855.56,65982.83,65647.34,65816.88
BTCUSDT,2024-09-28,65725.14,65982.77,65431.47,65855.56
BTCUSDT,2024-09-28,65619.8,65820.34,65492.73,65725.14
BTCUSDT,2024-09-28,65796.91,65812.95,65425.57,65619.8
BTCUSDT,2024-09-28,65821.59,65821.59,65458.14,65796.91
BTCUSDT,2024-09-28,66066.26,66089.87,65736.25,65821.59
BTCUSDT,2024-09-28,65771.97,66261.57,65720.64,66066.26
BTCUSDT,2024-09-27,65656.46,65962.27,65622.64,65771.97
BTCUSDT,2024-09-27,66003.49,66360.45,65526.46,65656.46
BTCUSDT,2024-09-27,65436.63,66471.99,65326.44,66003.49
BTCUSDT,2024-09-27,65463.52,65984.67,65342.17,65436.63
BTCUSDT,2024-09-27,65365.31,65548.48,65097.52,65463.52
BTCUSDT,2024-09-27,65171.19,65422.71,64820.54,65365.31
BTCUSDT,2024-09-26,64706.7,65244.3,64632.01,65171.19
BTCUSDT,2024-09-26,65228.76,65820.85,64690.53,64706.7
BTCUSDT,2024-09-26,64395.3,65545.05,64153.43,65228.76
BTCUSDT,2024-09-26,63853.07,64497.58,63594.34,64395.3
BTCUSDT,2024-09-26,63512.74,63870.63,63339.81,63853.07
BTCUSDT,2024-09-26,63152.85,63544.33,62671.05,63512.74
BTCUSDT,2024-09-25,63182.54,63552.97,62949.48,63152.85
BTCUSDT,2024-09-25,63497.53,63669.36,63002.66,63182.54
BTCUSDT,2024-09-25,63838.2,63999.57,63317.2,63497.53
BTCUSDT,2024-09-25,63844.5,63914.25,63408.29,63838.2
BTCUSDT,2024-09-25,64458.9,64461.47,63645.05,63844.5
BTCUSDT,2024-09-25,64266.98,64819.39,63993.33,64458.9
BTCUSDT,2024-09-24,64295.12,64692.1,63968.99,64266.98
BTCUSDT,2024-09-24,63159.78,64376.56,63091.78,64295.12
BTCUSDT,2024-09-24,63477.59,63769.04,62731.56,63159.78
BTCUSDT,2024-09-24,63560,63947.16,63381.75,63477.59
BTCUSDT,2024-09-24,63123.26,63568.13,62925.53,63560
BTCUSDT,2024-09-24,63337.49,63399.63,62717.64,63123.26
BTCUSDT,2024-09-23,63300.04,63490.56,63093.19,63337.49
BTCUSDT,2024-09-23,63617.63,63818.33,63105.34,63300.04
BTCUSDT,2024-09-23,63432.62,63802.06,63071.1,63617.63
BTCUSDT,2024-09-23,63550.62,63703.21,63306.84,63432.62
BTCUSDT,2024-09-23,64355.65,64456.55,63397.77,63550.62
BTCUSDT,2024-09-23,63579.85,64744.9,62569.41,64355.65
BTCUSDT,2024-09-22,63164.66,64002.75,62377.59,63579.85
BTCUSDT,2024-09-22,62657.84,63226.85,62473.35,63164.66
BTCUSDT,2024-09-22,62786.67,62933.21,62467.21,62657.84
BTCUSDT,2024-09-22,62940.52,63034.21,62555.41,62786.67
BTCUSDT,2024-09-22,63109.33,63200.57,62841.13,62940.52
BTCUSDT,2024-09-22,63349.75,63449.38,62832.89,63109.33
BTCUSDT,2024-09-21,63205.83,63554,63057.45,63349.75
BTCUSDT,2024-09-21,63172.97,63399.91,63090.13,63205.83
BTCUSDT,2024-09-21,63089.4,63305.37,63035.79,63172.97
BTCUSDT,2024-09-21,63087.55,63137.78,62964.02,63089.4
BTCUSDT,2024-09-21,62890.9,63130.07,62758.13,63087.55
BTCUSDT,2024-09-21,63201.64,63299.76,62815.39,62890.9
BTCUSDT,2024-09-20,62808.13,63297.88,62706.99,63201.64
BTCUSDT,2024-09-20,63154.65,63282.31,62348.23,62808.13
BTCUSDT,2024-09-20,63442.31,63544.98,62570.92,63154.65
BTCUSDT,2024-09-20,63522.8,63701.34,63099.76,63442.31
BTCUSDT,2024-09-20,63742.91,64134.21,63392.91,63522.8
BTCUSDT,2024-09-20,62950.23,63749.4,62608.23,63742.91
BTCUSDT,2024-09-19,63250.6,63254.83,62652.42,62950.23
BTCUSDT,2024-09-19,63155.54,63851.06,62942.54,63250.6
BTCUSDT,2024-09-19,62644.57,63501.62,62600.92,63155.54
BTCUSDT,2024-09-19,62094.4,62717.12,61887.18,62644.57
BTCUSDT,2024-09-19,62116.79,62177.66,61815.24,62094.4
BTCUSDT,2024-09-19,61760.02,62581.34,61557.1,62116.79
BTCUSDT,2024-09-18,60064.42,61787.37,59479.88,61760.02
BTCUSDT,2024-09-18,59429.82,61327.18,59178.18,60064.42
BTCUSDT,2024-09-18,59846.72,60160.23,59311.23,59429.82
BTCUSDT,2024-09-18,60429.47,60429.49,59364.57,59846.72
BTCUSDT,2024-09-18,60512.6,60691.17,60200.85,60429.47
BTCUSDT,2024-09-18,60313.01,60769.02,59873.13,60512.6
BTCUSDT,2024-09-17,59968.04,60424.05,59737.66,60313.01
BTCUSDT,2024-09-17,61134.16,61262.26,59625.09,59968.04
BTCUSDT,2024-09-17,59083.96,61325.35,58872.34,61134.16
BTCUSDT,2024-09-17,58696.57,59299.53,58635.72,59083.96
BTCUSDT,2024-09-17,58061.1,58780.05,58029.13,58696.57
BTCUSDT,2024-09-17,58213.17,58344.26,57615.51,58061.1
BTCUSDT,2024-09-16,57945.51,58411.68,57607.01,58213.17
BTCUSDT,2024-09-16,57883.03,58265.38,57495.31,57945.51
BTCUSDT,2024-09-16,58662,58790.17,57564.59,57883.03
BTCUSDT,2024-09-16,58909.05,59177.21,58506.56,58662
BTCUSDT,2024-09-16,58574.38,58962.77,58314.84,58909.05
BTCUSDT,2024-09-16,59130.19,59209.21,58114.18,58574.38
BTCUSDT,2024-09-15,59878.05,59939.85,58691.39,59130.19
BTCUSDT,2024-09-15,60335.13,60352.38,59708.64,59878.05
BTCUSDT,2024-09-15,60002.39,60397.1,59874.58,60335.13
BTCUSDT,2024-09-15,60194.95,60204.31,59879.68,60002.39
BTCUSDT,2024-09-15,60156.83,60215.93,60076.62,60194.95
BTCUSDT,2024-09-15,59992.35,60275.33,59985.5,60156.83
BTCUSDT,2024-09-14,59809.76,60122.9,59774.55,59992.35
BTCUSDT,2024-09-14,59875.24,59983.14,59400,59809.76
BTCUSDT,2024-09-14,59705.37,60010.75,59628.56,59875.24
BTCUSDT,2024-09-14,60141.72,60157.79,59605.7,59705.37
BTCUSDT,2024-09-14,60327.61,60347.19,59899.99,60141.72
BTCUSDT,2024-09-14,60495.07,60607.09,60285.59,60327.61
BTCUSDT,2024-09-13,59737.03,60625.42,59627.55,60495.07
BTCUSDT,2024-09-13,59665.43,59998.64,59313.77,59737.03
BTCUSDT,2024-09-13,57872.39,59721.84,57631.87,59665.43
BTCUSDT,2024-09-13,58110.33,58349.81,57815.94,57872.39
BTCUSDT,2024-09-13,57849.94,58137.73,57741.13,58110.33
BTCUSDT,2024-09-13,58132.61,58257.31,57829.78,57849.94
BTCUSDT,2024-09-12,58392.47,58393.99,57780.59,58132.61
